test_name,control_label,treatment_label,control_n,treatment_n,control_cvr,treatment_cvr,abs_lift,rel_lift,ci_lower,ci_upper,z_stat,p_value,significant,winner
Morning vs Evening Shoppers,Morning,Evening,439169,307121,0.007593887546707531,0.008696897965297065,0.0011030104185895334,14.52497698715283,0.000686163963005206,0.0015198568741738609,-5.248221732209342,1.5357439030698677e-07,True,Evening
Single vs Multi Session Users,Single Session,Multi Session,1225947,181633,0.004338686745838116,0.035235887751675084,0.03089720100583697,712.1325602839408,0.03004132244855382,0.03175307956312012,-135.24541280928722,0.0,True,Multi Session
Weekday vs Weekend Visitors,Weekday,Weekend,1059028,348552,0.009040365316120064,0.006154031536183984,-0.0028863337799360797,-31.92718080528668,-0.003202414628155193,-0.0025702529317169665,16.266879251252018,1.695832350884663e-59,True,Weekday
Light vs Heavy Viewers,Light Viewer,Heavy Viewer,1294129,113451,0.0043303256475977275,0.05389992155203568,0.04956959590443795,1144.7082722736327,0.04825067699485087,0.05088851481402503,-176.18888503035586,0.0,True,Heavy Viewer
Cart Abandonment Return Pattern,No Return,Returned,17596,9550,0.0,0.0,0.0,0.0,0.0,0.0,,,False,No Winner
